Date,Page,Visits,UserType
2025-11-12,Home,152,Returning
2025-11-12,About,398,New
2025-11-12,Products,156,Returning
2025-11-12,Contact,238,New
2025-11-13,Home,152,Returning
2025-11-13,About,264,New
2025-11-13,Products,137,New
2025-11-13,Contact,149,Returning
2025-11-14,Home,201,New
2025-11-14,About,199,New
2025-11-14,Products,307,Returning
2025-11-14,Contact,463,Returning
2025-11-15,Home,435,Returning
2025-11-15,About,493,New
2025-11-15,Products,210,Returning
2025-11-15,Contact,363,Returning
2025-11-16,Home,302,Returning
2025-11-16,About,394,New
2025-11-16,Products,108,New
2025-11-16,Contact,219,Returning
2025-11-17,Home,237,Returning
2025-11-17,About,320,Returning
2025-11-17,Products,495,New
2025-11-17,Contact,495,New
2025-11-18,Home,413,New
2025-11-18,About,293,Returning
2025-11-18,Products,180,New
2025-11-18,Contact,356,New
2025-11-19,Home,70,New
2025-11-19,About,216,Returning
2025-11-19,Products,437,New
2025-11-19,Contact,365,Returning
2025-11-20,Home,291,Returning
2025-11-20,About,314,Returning
2025-11-20,Products,102,Returning
2025-11-20,Contact,389,Returning
2025-11-21,Home,416,Returning
2025-11-21,About,477,New
2025-11-21,Products,313,New
2025-11-21,Contact,84,Returning
2025-11-22,Home,130,Returning
2025-11-22,About,99,Returning
2025-11-22,Products,437,Returning
2025-11-22,Contact,439,Returning
2025-11-23,Home,155,Returning
2025-11-23,About,359,New
2025-11-23,Products,240,Returning
2025-11-23,Contact,267,Returning
2025-11-24,Home,211,Returning
2025-11-24,About,495,Returning
2025-11-24,Products,319,New
2025-11-24,Contact,353,New
2025-11-25,Home,264,Returning
2025-11-25,About,239,Returning
2025-11-25,Products,262,Returning
2025-11-25,Contact,286,Returning
2025-11-26,Home,416,New
2025-11-26,About,329,Returning
2025-11-26,Products,266,Returning
2025-11-26,Contact,237,Returning
2025-11-27,Home,90,New
2025-11-27,About,64,New
2025-11-27,Products,114,New
2025-11-27,Contact,376,New
2025-11-28,Home,393,New
2025-11-28,About,185,Returning
2025-11-28,Products,112,New
2025-11-28,Contact,130,Returning
2025-11-29,Home,212,New
2025-11-29,About,338,New
2025-11-29,Products,310,Returning
2025-11-29,Contact,280,Returning
2025-11-30,Home,90,Returning
2025-11-30,About,184,New
2025-11-30,Products,377,Returning
2025-11-30,Contact,467,New
2025-12-01,Home,97,New
2025-12-01,About,456,Returning
2025-12-01,Products,265,New
2025-12-01,Contact,148,Returning
2025-12-02,Home,409,Returning
2025-12-02,About,84,New
2025-12-02,Products,276,New
2025-12-02,Contact,480,Returning
2025-12-03,Home,180,New
2025-12-03,About,54,Returning
2025-12-03,Products,304,Returning
2025-12-03,Contact,408,New
2025-12-04,Home,442,New
2025-12-04,About,64,Returning
2025-12-04,Products,91,Returning
2025-12-04,Contact,228,New
2025-12-05,Home,401,New
2025-12-05,About,290,Returning
2025-12-05,Products,145,Returning
2025-12-05,Contact,271,New
2025-12-06,Home,456,New
2025-12-06,About,286,New
2025-12-06,Products,220,New
2025-12-06,Contact,85,New
2025-12-07,Home,209,New
2025-12-07,About,236,New
2025-12-07,Products,135,Returning
2025-12-07,Contact,115,Returning
2025-12-08,Home,94,Returning
2025-12-08,About,490,New
2025-12-08,Products,183,Returning
2025-12-08,Contact,77,Returning
2025-12-09,Home,93,Returning
2025-12-09,About,335,Returning
2025-12-09,Products,380,Returning
2025-12-09,Contact,397,New
2025-12-10,Home,280,Returning
2025-12-10,About,274,New
2025-12-10,Products,426,New
2025-12-10,Contact,495,New
2025-12-11,Home,165,New
2025-12-11,About,282,New
2025-12-11,Products,408,Returning
2025-12-11,Contact,460,New
2025-12-12,Home,367,New
2025-12-12,About,274,New
2025-12-12,Products,283,Returning
2025-12-12,Contact,201,New
2025-12-13,Home,364,Returning
2025-12-13,About,209,Returning
2025-12-13,Products,282,Returning
2025-12-13,Contact,162,Returning
2025-12-14,Home,491,Returning
2025-12-14,About,317,Returning
2025-12-14,Products,344,Returning
2025-12-14,Contact,436,New
2025-12-15,Home,150,New
2025-12-15,About,489,New
2025-12-15,Products,236,New
2025-12-15,Contact,51,Returning
2025-12-16,Home,269,Returning
2025-12-16,About,392,New
2025-12-16,Products,273,New
2025-12-16,Contact,434,New
2025-12-17,Home,175,Returning
2025-12-17,About,102,Returning
2025-12-17,Products,267,Returning
2025-12-17,Contact,247,Returning
2025-12-18,Home,296,Returning
2025-12-18,About,488,New
2025-12-18,Products,233,New
2025-12-18,Contact,450,New
2025-12-19,Home,343,Returning
2025-12-19,About,374,Returning
2025-12-19,Products,147,Returning
2025-12-19,Contact,444,New
2025-12-20,Home,289,Returning
2025-12-20,About,146,New
2025-12-20,Products,173,New
2025-12-20,Contact,375,Returning
2025-12-21,Home,398,New
2025-12-21,About,197,Returning
2025-12-21,Products,492,Returning
2025-12-21,Contact,452,Returning
2025-12-22,Home,196,Returning
2025-12-22,About,401,New
2025-12-22,Products,357,New
2025-12-22,Contact,466,Returning
2025-12-23,Home,177,New
2025-12-23,About,387,Returning
2025-12-23,Products,178,New
2025-12-23,Contact,490,New
2025-12-24,Home,483,New
2025-12-24,About,464,Returning
2025-12-24,Products,347,New
2025-12-24,Contact,312,Returning
2025-12-25,Home,193,Returning
2025-12-25,About,161,New
2025-12-25,Products,109,New
2025-12-25,Contact,51,New
2025-12-26,Home,353,Returning
2025-12-26,About,189,New
2025-12-26,Products,86,Returning
2025-12-26,Contact,58,New
2025-12-27,Home,148,New
2025-12-27,About,353,Returning
2025-12-27,Products,180,Returning
2025-12-27,Contact,201,Returning
2025-12-28,Home,169,New
2025-12-28,About,457,Returning
2025-12-28,Products,124,New
2025-12-28,Contact,469,Returning
2025-12-29,Home,153,Returning
2025-12-29,About,303,New
2025-12-29,Products,161,Returning
2025-12-29,Contact,148,New
2025-12-30,Home,398,Returning
2025-12-30,About,433,Returning
2025-12-30,Products,387,Returning
2025-12-30,Contact,359,New
2025-12-31,Home,257,New
2025-12-31,About,218,Returning
2025-12-31,Products,210,Returning
2025-12-31,Contact,338,Returning
